shape	native	size	round	arm	ns
Unary	False	16	0	A	3055.996
Unary	False	16	0	B	3979.2715
Unary	False	16	0	B	3944.692
Unary	False	16	0	A	2865.0985
Unary	False	16	1	B	4350.139
Unary	False	16	1	A	2902.2545
Unary	False	16	1	A	3137.795
Unary	False	16	1	B	4227.41475
Unary	False	16	2	A	2845.37
Unary	False	16	2	B	4307.4835
Unary	False	16	2	B	3980.4755
Unary	False	16	2	A	2972.602
Unary	False	16	3	B	4213.33225
Unary	False	16	3	A	2979.205
Unary	False	16	3	A	2760.0615
Unary	False	16	3	B	3915.94825
Unary	False	16	4	A	2901.9395
Unary	False	16	4	B	4219.58625
Unary	False	16	4	B	4062.3275
Unary	False	16	4	A	2947.14275
Unary	False	16	5	B	3903.03125
Unary	False	16	5	A	2838.77125
Unary	False	16	5	A	2925.1275
Unary	False	16	5	B	4088.91325
Unary	False	4096	0	A	3046.59375
Unary	False	4096	0	B	4198.302
Unary	False	4096	0	B	4176.5675
Unary	False	4096	0	A	2976.2055
Unary	False	4096	1	B	4294.26925
Unary	False	4096	1	A	3477.397
Unary	False	4096	1	A	3154.29875
Unary	False	4096	1	B	4774.4715
Unary	False	4096	2	A	2970.991
Unary	False	4096	2	B	4539.398
Unary	False	4096	2	B	4204.9675
Unary	False	4096	2	A	3239.08275
Unary	False	4096	3	B	4477.95025
Unary	False	4096	3	A	3090.52975
Unary	False	4096	3	A	2995.77025
Unary	False	4096	3	B	4397.4225
Unary	False	4096	4	A	3204.5365
Unary	False	4096	4	B	4160.71325
Unary	False	4096	4	B	4459.2805
Unary	False	4096	4	A	2983.91075
Unary	False	4096	5	B	4235.01175
Unary	False	4096	5	A	3118.892
Unary	False	4096	5	A	2930.16675
Unary	False	4096	5	B	4241.2525
Unary	False	65536	0	A	3856.0515
Unary	False	65536	0	B	5181.706
Unary	False	65536	0	B	5273.91925
Unary	False	65536	0	A	4245.8
Unary	False	65536	1	B	5232.01525
Unary	False	65536	1	A	4038.591
Unary	False	65536	1	A	4125.258
Unary	False	65536	1	B	5364.3655
Unary	False	65536	2	A	4101.0615
Unary	False	65536	2	B	5071.34675
Unary	False	65536	2	B	5624.82825
Unary	False	65536	2	A	4510.8375
Unary	False	65536	3	B	5256.88
Unary	False	65536	3	A	3987.51325
Unary	False	65536	3	A	4278.57775
Unary	False	65536	3	B	8363.646
Unary	False	65536	4	A	4046.17775
Unary	False	65536	4	B	5516.0615
Unary	False	65536	4	B	5072.639
Unary	False	65536	4	A	4454.205
Unary	False	65536	5	B	5020.1035
Unary	False	65536	5	A	3899.843
Unary	False	65536	5	A	3878.459
Unary	False	65536	5	B	5146.01825
Unary	True	16	0	A	2795.98425
Unary	True	16	0	B	4069.56675
Unary	True	16	0	B	3918.732
Unary	True	16	0	A	3320.51575
Unary	True	16	1	B	4244.018
Unary	True	16	1	A	2903.325
Unary	True	16	1	A	3309.245
Unary	True	16	1	B	4009.37875
Unary	True	16	2	A	2801.26325
Unary	True	16	2	B	4123.30225
Unary	True	16	2	B	4285.9025
Unary	True	16	2	A	3001.7865
Unary	True	16	3	B	4256.78425
Unary	True	16	3	A	3249.708
Unary	True	16	3	A	2889.5605
Unary	True	16	3	B	4068.104
Unary	True	16	4	A	3020.28975
Unary	True	16	4	B	4000.20975
Unary	True	16	4	B	4306.57175
Unary	True	16	4	A	2991.723
Unary	True	16	5	B	3888.58875
Unary	True	16	5	A	2922.52225
Unary	True	16	5	A	2933.7535
Unary	True	16	5	B	4561.00475
Unary	True	4096	0	A	3147.99425
Unary	True	4096	0	B	4314.7315
Unary	True	4096	0	B	4194.8515
Unary	True	4096	0	A	2942.4385
Unary	True	4096	1	B	4277.71475
Unary	True	4096	1	A	3124.407
Unary	True	4096	1	A	3148.524
Unary	True	4096	1	B	4276.176
Unary	True	4096	2	A	3009.7475
Unary	True	4096	2	B	4242.54075
Unary	True	4096	2	B	4226.15425
Unary	True	4096	2	A	2993.86525
Unary	True	4096	3	B	4086.1765
Unary	True	4096	3	A	3358.952
Unary	True	4096	3	A	2903.304
Unary	True	4096	3	B	4423.40225
Unary	True	4096	4	A	3035.79025
Unary	True	4096	4	B	4029.767
Unary	True	4096	4	B	4319.7525
Unary	True	4096	4	A	2967.33325
Unary	True	4096	5	B	4349.1915
Unary	True	4096	5	A	3001.06125
Unary	True	4096	5	A	2965.3905
Unary	True	4096	5	B	4499.0735
Unary	True	65536	0	A	3890.38175
Unary	True	65536	0	B	5466.68575
Unary	True	65536	0	B	5757.2975
Unary	True	65536	0	A	3979.3515
Unary	True	65536	1	B	5322.77125
Unary	True	65536	1	A	3858.67525
Unary	True	65536	1	A	3958.954
Unary	True	65536	1	B	5015.17225
Unary	True	65536	2	A	4232.4665
Unary	True	65536	2	B	5109.8345
Unary	True	65536	2	B	5549.50325
Unary	True	65536	2	A	4004.15075
Unary	True	65536	3	B	5747.639
Unary	True	65536	3	A	3984.98225
Unary	True	65536	3	A	5317.721
Unary	True	65536	3	B	5128.11325
Unary	True	65536	4	A	3888.44925
Unary	True	65536	4	B	5148.8575
Unary	True	65536	4	B	5204.1525
Unary	True	65536	4	A	4136.83775
Unary	True	65536	5	B	5084.11675
Unary	True	65536	5	A	4078.855
Unary	True	65536	5	A	3886.0945
Unary	True	65536	5	B	5292.95625
Collect	False	16	0	A	4169.9855
Collect	False	16	0	B	4634.0705
Collect	False	16	0	B	4077.25025
Collect	False	16	0	A	3631.502
Collect	False	16	1	B	3959.89275
Collect	False	16	1	A	3747.999
Collect	False	16	1	A	3456.10975
Collect	False	16	1	B	4228.56925
Collect	False	16	2	A	3407.28325
Collect	False	16	2	B	4010.39775
Collect	False	16	2	B	4104.39375
Collect	False	16	2	A	3509.8405
Collect	False	16	3	B	4115.00725
Collect	False	16	3	A	3434.264
Collect	False	16	3	A	3583.88075
Collect	False	16	3	B	4196.01925
Collect	False	16	4	A	3806.65275
Collect	False	16	4	B	4350.0245
Collect	False	16	4	B	5515.05925
Collect	False	16	4	A	3526.94125
Collect	False	16	5	B	4491.274
Collect	False	16	5	A	3501.18575
Collect	False	16	5	A	4049.40525
Collect	False	16	5	B	4072.96575
Collect	False	4096	0	A	4880.583
Collect	False	4096	0	B	4238.85825
Collect	False	4096	0	B	4354.98475
Collect	False	4096	0	A	3897.0765
Collect	False	4096	1	B	4067.1985
Collect	False	4096	1	A	3985.7405
Collect	False	4096	1	A	3749.804
Collect	False	4096	1	B	5508.13875
Collect	False	4096	2	A	3738.31775
Collect	False	4096	2	B	4365.30675
Collect	False	4096	2	B	4464.4065
Collect	False	4096	2	A	3891.662
Collect	False	4096	3	B	4051.77725
Collect	False	4096	3	A	3993.35875
Collect	False	4096	3	A	3881.3175
Collect	False	4096	3	B	4404.2225
Collect	False	4096	4	A	3757.04675
Collect	False	4096	4	B	7380.3645
Collect	False	4096	4	B	4267.2315
Collect	False	4096	4	A	4695.53225
Collect	False	4096	5	B	4451.68725
Collect	False	4096	5	A	3996.5375
Collect	False	4096	5	A	3973.31025
Collect	False	4096	5	B	4645.01175
Collect	False	65536	0	A	7092.1525
Collect	False	65536	0	B	5389.328
Collect	False	65536	0	B	5073.23575
Collect	False	65536	0	A	6387.97675
Collect	False	65536	1	B	5124.41475
Collect	False	65536	1	A	7289.5115
Collect	False	65536	1	A	7582.495
Collect	False	65536	1	B	5213.36925
Collect	False	65536	2	A	6565.33575
Collect	False	65536	2	B	5175.0745
Collect	False	65536	2	B	4998.88475
Collect	False	65536	2	A	6635.5765
Collect	False	65536	3	B	5268.54675
Collect	False	65536	3	A	6495.69
Collect	False	65536	3	A	6535.382
Collect	False	65536	3	B	5146.417
Collect	False	65536	4	A	6624.90925
Collect	False	65536	4	B	5014.704
Collect	False	65536	4	B	4990.614
Collect	False	65536	4	A	6702.8555
Collect	False	65536	5	B	4988.1115
Collect	False	65536	5	A	6592.407
Collect	False	65536	5	A	6611.9515
Collect	False	65536	5	B	5073.43625
Collect	True	16	0	A	3807.196
Collect	True	16	0	B	3875.725
Collect	True	16	0	B	4016.262
Collect	True	16	0	A	3533.161
Collect	True	16	1	B	4231.2955
Collect	True	16	1	A	3481.38225
Collect	True	16	1	A	3407.56125
Collect	True	16	1	B	4691.921
Collect	True	16	2	A	3398.2465
Collect	True	16	2	B	4399.08075
Collect	True	16	2	B	3843.98725
Collect	True	16	2	A	3804.75975
Collect	True	16	3	B	3825.23475
Collect	True	16	3	A	3414.11025
Collect	True	16	3	A	3509.68025
Collect	True	16	3	B	3970.12325
Collect	True	16	4	A	3348.29175
Collect	True	16	4	B	3859.98225
Collect	True	16	4	B	4110.118
Collect	True	16	4	A	3288.49475
Collect	True	16	5	B	4067.79
Collect	True	16	5	A	3852.45575
Collect	True	16	5	A	3316.496
Collect	True	16	5	B	4300.80025
Collect	True	4096	0	A	3639.32075
Collect	True	4096	0	B	4319.20225
Collect	True	4096	0	B	4201.9635
Collect	True	4096	0	A	3802.94925
Collect	True	4096	1	B	4120.8635
Collect	True	4096	1	A	4679.62775
Collect	True	4096	1	A	3783.916
Collect	True	4096	1	B	4540.05125
Collect	True	4096	2	A	4164.97025
Collect	True	4096	2	B	4100.46475
Collect	True	4096	2	B	4274.79925
Collect	True	4096	2	A	3827.1265
Collect	True	4096	3	B	4090.88375
Collect	True	4096	3	A	3722.5515
Collect	True	4096	3	A	3846.84875
Collect	True	4096	3	B	4200.04125
Collect	True	4096	4	A	4501.74575
Collect	True	4096	4	B	4507.723
Collect	True	4096	4	B	4291.5605
Collect	True	4096	4	A	3914.4695
Collect	True	4096	5	B	4321.94975
Collect	True	4096	5	A	3699.41975
Collect	True	4096	5	A	4881.30825
Collect	True	4096	5	B	4065.24675
Collect	True	65536	0	A	6412.34175
Collect	True	65536	0	B	5305.4455
Collect	True	65536	0	B	5006.495
Collect	True	65536	0	A	6908.1695
Collect	True	65536	1	B	5224.956
Collect	True	65536	1	A	6568.50375
Collect	True	65536	1	A	6613.147
Collect	True	65536	1	B	5238.9105
Collect	True	65536	2	A	6788.5405
Collect	True	65536	2	B	5117.5785
Collect	True	65536	2	B	5448.6335
Collect	True	65536	2	A	6468.44425
Collect	True	65536	3	B	5058.29425
Collect	True	65536	3	A	6901.4305
Collect	True	65536	3	A	6513.88775
Collect	True	65536	3	B	4967.81475
Collect	True	65536	4	A	6925.78975
Collect	True	65536	4	B	5349.48975
Collect	True	65536	4	B	4932.8755
Collect	True	65536	4	A	6913.52875
Collect	True	65536	5	B	5258.562
Collect	True	65536	5	A	6709.1305
Collect	True	65536	5	A	8840.3055
Collect	True	65536	5	B	5461.91375
