phase	round	slot	arm	protocol	boundary	path	rps
null	0	0	A	h1	native	bad	19287.44
null	0	0	A	h2	native	bad	14572.06
null	0	0	A	h1	native	default	18232.24
null	0	0	A	h2	native	default	14200.51
null	0	0	A	h1	native	missing	22325.51
null	0	0	A	h2	native	missing	20127.2
null	0	0	A	h1	native	ok	22858.87
null	0	0	A	h2	native	ok	20472.25
null	0	0	A	h1	asgi	bad	16290.7
null	0	0	A	h2	asgi	bad	11197.23
null	0	0	A	h1	asgi	default	13710.37
null	0	0	A	h2	asgi	default	10440.76
null	0	0	A	h1	asgi	missing	17831.0
null	0	0	A	h2	asgi	missing	13274.24
null	0	0	A	h1	asgi	ok	18750.79
null	0	0	A	h2	asgi	ok	14271.52
null	0	1	B	h1	native	bad	20453.66
null	0	1	B	h2	native	bad	14816.18
null	0	1	B	h1	native	default	17713.91
null	0	1	B	h2	native	default	13706.95
null	0	1	B	h1	native	missing	22555.75
null	0	1	B	h2	native	missing	19240.65
null	0	1	B	h1	native	ok	22974.19
null	0	1	B	h2	native	ok	19466.58
null	0	1	B	h1	asgi	bad	16090.65
null	0	1	B	h2	asgi	bad	11469.35
null	0	1	B	h1	asgi	default	13821.53
null	0	1	B	h2	asgi	default	10224.95
null	0	1	B	h1	asgi	missing	17818.32
null	0	1	B	h2	asgi	missing	13358.14
null	0	1	B	h1	asgi	ok	18566.83
null	0	1	B	h2	asgi	ok	13954.1
null	0	2	B	h1	native	bad	20315.46
null	0	2	B	h2	native	bad	14807.95
null	0	2	B	h1	native	default	17411.68
null	0	2	B	h2	native	default	12669.17
null	0	2	B	h1	native	missing	22253.92
null	0	2	B	h2	native	missing	17058.09
null	0	2	B	h1	native	ok	22808.5
null	0	2	B	h2	native	ok	19236.87
null	0	2	B	h1	asgi	bad	16624.86
null	0	2	B	h2	asgi	bad	11664.0
null	0	2	B	h1	asgi	default	14963.74
null	0	2	B	h2	asgi	default	10303.87
null	0	2	B	h1	asgi	missing	17631.71
null	0	2	B	h2	asgi	missing	13325.8
null	0	2	B	h1	asgi	ok	18482.51
null	0	2	B	h2	asgi	ok	14005.97
null	0	3	A	h1	native	bad	20555.41
null	0	3	A	h2	native	bad	15295.17
null	0	3	A	h1	native	default	17697.92
null	0	3	A	h2	native	default	13411.6
null	0	3	A	h1	native	missing	22640.52
null	0	3	A	h2	native	missing	19275.73
null	0	3	A	h1	native	ok	23487.69
null	0	3	A	h2	native	ok	20223.18
null	0	3	A	h1	asgi	bad	16330.0
null	0	3	A	h2	asgi	bad	11050.47
null	0	3	A	h1	asgi	default	14677.02
null	0	3	A	h2	asgi	default	11263.76
null	0	3	A	h1	asgi	missing	17353.58
null	0	3	A	h2	asgi	missing	12729.77
null	0	3	A	h1	asgi	ok	17848.03
null	0	3	A	h2	asgi	ok	13819.79
null	1	0	B	h1	native	bad	20041.41
null	1	0	B	h2	native	bad	14433.99
null	1	0	B	h1	native	default	17660.7
null	1	0	B	h2	native	default	12236.22
null	1	0	B	h1	native	missing	22527.6
null	1	0	B	h2	native	missing	18517.87
null	1	0	B	h1	native	ok	22015.76
null	1	0	B	h2	native	ok	19816.34
null	1	0	B	h1	asgi	bad	16152.92
null	1	0	B	h2	asgi	bad	11431.35
null	1	0	B	h1	asgi	default	14225.34
null	1	0	B	h2	asgi	default	10580.2
null	1	0	B	h1	asgi	missing	17555.19
null	1	0	B	h2	asgi	missing	14079.03
null	1	0	B	h1	asgi	ok	17841.91
null	1	0	B	h2	asgi	ok	13786.05
null	1	1	A	h1	native	bad	20364.61
null	1	1	A	h2	native	bad	16806.64
null	1	1	A	h1	native	default	18278.16
null	1	1	A	h2	native	default	13123.36
null	1	1	A	h1	native	missing	23040.41
null	1	1	A	h2	native	missing	19267.12
null	1	1	A	h1	native	ok	23019.41
null	1	1	A	h2	native	ok	20342.98
null	1	1	A	h1	asgi	bad	15823.16
null	1	1	A	h2	asgi	bad	11707.92
null	1	1	A	h1	asgi	default	14554.9
null	1	1	A	h2	asgi	default	10990.87
null	1	1	A	h1	asgi	missing	17408.86
null	1	1	A	h2	asgi	missing	13959.93
null	1	1	A	h1	asgi	ok	17737.57
null	1	1	A	h2	asgi	ok	14799.71
null	1	2	A	h1	native	bad	20732.31
null	1	2	A	h2	native	bad	15273.61
null	1	2	A	h1	native	default	17663.76
null	1	2	A	h2	native	default	12838.7
null	1	2	A	h1	native	missing	22342.52
null	1	2	A	h2	native	missing	17613.7
null	1	2	A	h1	native	ok	23381.91
null	1	2	A	h2	native	ok	21211.88
null	1	2	A	h1	asgi	bad	14999.88
null	1	2	A	h2	asgi	bad	11098.71
null	1	2	A	h1	asgi	default	14281.63
null	1	2	A	h2	asgi	default	11038.28
null	1	2	A	h1	asgi	missing	16708.33
null	1	2	A	h2	asgi	missing	13978.92
null	1	2	A	h1	asgi	ok	18579.59
null	1	2	A	h2	asgi	ok	14454.63
null	1	3	B	h1	native	bad	19983.29
null	1	3	B	h2	native	bad	15655.85
null	1	3	B	h1	native	default	17922.95
null	1	3	B	h2	native	default	12850.68
null	1	3	B	h1	native	missing	22067.07
null	1	3	B	h2	native	missing	17656.65
null	1	3	B	h1	native	ok	23295.31
null	1	3	B	h2	native	ok	19043.81
null	1	3	B	h1	asgi	bad	16242.39
null	1	3	B	h2	asgi	bad	11506.65
null	1	3	B	h1	asgi	default	14392.96
null	1	3	B	h2	asgi	default	10323.97
null	1	3	B	h1	asgi	missing	17780.69
null	1	3	B	h2	asgi	missing	13329.87
null	1	3	B	h1	asgi	ok	18622.32
null	1	3	B	h2	asgi	ok	13744.53
null	2	0	A	h1	native	bad	19734.69
null	2	0	A	h2	native	bad	15031.54
null	2	0	A	h1	native	default	17511.54
null	2	0	A	h2	native	default	12864.14
null	2	0	A	h1	native	missing	22543.85
null	2	0	A	h2	native	missing	19047.07
null	2	0	A	h1	native	ok	23984.9
null	2	0	A	h2	native	ok	21049.57
null	2	0	A	h1	asgi	bad	16632.38
null	2	0	A	h2	asgi	bad	11317.71
null	2	0	A	h1	asgi	default	14658.65
null	2	0	A	h2	asgi	default	10866.42
null	2	0	A	h1	asgi	missing	17977.79
null	2	0	A	h2	asgi	missing	13869.39
null	2	0	A	h1	asgi	ok	18728.98
null	2	0	A	h2	asgi	ok	14175.75
null	2	1	B	h1	native	bad	20361.66
null	2	1	B	h2	native	bad	15906.82
null	2	1	B	h1	native	default	17262.12
null	2	1	B	h2	native	default	12595.62
null	2	1	B	h1	native	missing	20305.43
null	2	1	B	h2	native	missing	18356.2
null	2	1	B	h1	native	ok	23487.41
null	2	1	B	h2	native	ok	21102.57
null	2	1	B	h1	asgi	bad	15890.09
null	2	1	B	h2	asgi	bad	11680.03
null	2	1	B	h1	asgi	default	14711.07
null	2	1	B	h2	asgi	default	10509.95
null	2	1	B	h1	asgi	missing	17071.95
null	2	1	B	h2	asgi	missing	12974.95
null	2	1	B	h1	asgi	ok	18016.49
null	2	1	B	h2	asgi	ok	14067.96
null	2	2	B	h1	native	bad	20285.33
null	2	2	B	h2	native	bad	15139.29
null	2	2	B	h1	native	default	18515.33
null	2	2	B	h2	native	default	14212.9
null	2	2	B	h1	native	missing	23001.46
null	2	2	B	h2	native	missing	18291.5
null	2	2	B	h1	native	ok	23470.98
null	2	2	B	h2	native	ok	19896.85
null	2	2	B	h1	asgi	bad	15993.83
null	2	2	B	h2	asgi	bad	11510.37
null	2	2	B	h1	asgi	default	14052.84
null	2	2	B	h2	asgi	default	10608.49
null	2	2	B	h1	asgi	missing	17942.27
null	2	2	B	h2	asgi	missing	13332.25
null	2	2	B	h1	asgi	ok	18514.16
null	2	2	B	h2	asgi	ok	14643.56
null	2	3	A	h1	native	bad	19632.98
null	2	3	A	h2	native	bad	15095.41
null	2	3	A	h1	native	default	18066.1
null	2	3	A	h2	native	default	13370.88
null	2	3	A	h1	native	missing	22376.62
null	2	3	A	h2	native	missing	18199.69
null	2	3	A	h1	native	ok	23351.99
null	2	3	A	h2	native	ok	19986.97
null	2	3	A	h1	asgi	bad	16131.58
null	2	3	A	h2	asgi	bad	11598.05
null	2	3	A	h1	asgi	default	15011.75
null	2	3	A	h2	asgi	default	10523.41
null	2	3	A	h1	asgi	missing	17626.49
null	2	3	A	h2	asgi	missing	13693.42
null	2	3	A	h1	asgi	ok	18146.84
null	2	3	A	h2	asgi	ok	14662.99
real	0	0	A	h1	native	bad	20510.59
real	0	0	A	h2	native	bad	14931.03
real	0	0	A	h1	native	default	18304.99
real	0	0	A	h2	native	default	12812.74
real	0	0	A	h1	native	missing	22110.1
real	0	0	A	h2	native	missing	19553.44
real	0	0	A	h1	native	ok	22950.1
real	0	0	A	h2	native	ok	22595.5
real	0	0	A	h1	asgi	bad	15962.89
real	0	0	A	h2	asgi	bad	11788.03
real	0	0	A	h1	asgi	default	14696.7
real	0	0	A	h2	asgi	default	10940.78
real	0	0	A	h1	asgi	missing	17809.34
real	0	0	A	h2	asgi	missing	12858.46
real	0	0	A	h1	asgi	ok	18253.0
real	0	0	A	h2	asgi	ok	13770.03
real	0	1	B	h1	native	bad	20543.25
real	0	1	B	h2	native	bad	15099.38
real	0	1	B	h1	native	default	17868.92
real	0	1	B	h2	native	default	13511.51
real	0	1	B	h1	native	missing	22447.09
real	0	1	B	h2	native	missing	18064.66
real	0	1	B	h1	native	ok	23381.15
real	0	1	B	h2	native	ok	19859.36
real	0	1	B	h1	asgi	bad	16649.21
real	0	1	B	h2	asgi	bad	11772.92
real	0	1	B	h1	asgi	default	14199.87
real	0	1	B	h2	asgi	default	10616.24
real	0	1	B	h1	asgi	missing	17817.98
real	0	1	B	h2	asgi	missing	13782.67
real	0	1	B	h1	asgi	ok	18508.0
real	0	1	B	h2	asgi	ok	13916.49
real	0	2	B	h1	native	bad	20073.35
real	0	2	B	h2	native	bad	14783.36
real	0	2	B	h1	native	default	17693.17
real	0	2	B	h2	native	default	12957.36
real	0	2	B	h1	native	missing	21040.72
real	0	2	B	h2	native	missing	18633.63
real	0	2	B	h1	native	ok	22937.31
real	0	2	B	h2	native	ok	21114.86
real	0	2	B	h1	asgi	bad	16435.18
real	0	2	B	h2	asgi	bad	11705.35
real	0	2	B	h1	asgi	default	15050.38
real	0	2	B	h2	asgi	default	11129.02
real	0	2	B	h1	asgi	missing	17619.07
real	0	2	B	h2	asgi	missing	13307.09
real	0	2	B	h1	asgi	ok	18429.58
real	0	2	B	h2	asgi	ok	14289.02
real	0	3	A	h1	native	bad	20413.75
real	0	3	A	h2	native	bad	16475.79
real	0	3	A	h1	native	default	18159.7
real	0	3	A	h2	native	default	12965.26
real	0	3	A	h1	native	missing	22610.98
real	0	3	A	h2	native	missing	18861.91
real	0	3	A	h1	native	ok	23091.54
real	0	3	A	h2	native	ok	21618.54
real	0	3	A	h1	asgi	bad	16079.19
real	0	3	A	h2	asgi	bad	11404.97
real	0	3	A	h1	asgi	default	14850.92
real	0	3	A	h2	asgi	default	10906.68
real	0	3	A	h1	asgi	missing	17687.0
real	0	3	A	h2	asgi	missing	13705.35
real	0	3	A	h1	asgi	ok	18336.24
real	0	3	A	h2	asgi	ok	14702.75
real	1	0	B	h1	native	bad	20533.25
real	1	0	B	h2	native	bad	16306.75
real	1	0	B	h1	native	default	17296.7
real	1	0	B	h2	native	default	12822.01
real	1	0	B	h1	native	missing	22380.73
real	1	0	B	h2	native	missing	18200.91
real	1	0	B	h1	native	ok	23016.76
real	1	0	B	h2	native	ok	20756.92
real	1	0	B	h1	asgi	bad	16433.61
real	1	0	B	h2	asgi	bad	11163.84
real	1	0	B	h1	asgi	default	14791.78
real	1	0	B	h2	asgi	default	11223.34
real	1	0	B	h1	asgi	missing	17565.99
real	1	0	B	h2	asgi	missing	12986.46
real	1	0	B	h1	asgi	ok	18423.7
real	1	0	B	h2	asgi	ok	14746.57
real	1	1	A	h1	native	bad	20490.8
real	1	1	A	h2	native	bad	15686.18
real	1	1	A	h1	native	default	18553.5
real	1	1	A	h2	native	default	13249.88
real	1	1	A	h1	native	missing	22885.13
real	1	1	A	h2	native	missing	19079.82
real	1	1	A	h1	native	ok	23630.89
real	1	1	A	h2	native	ok	19808.69
real	1	1	A	h1	asgi	bad	16413.89
real	1	1	A	h2	asgi	bad	11610.83
real	1	1	A	h1	asgi	default	14711.81
real	1	1	A	h2	asgi	default	10990.46
real	1	1	A	h1	asgi	missing	17946.65
real	1	1	A	h2	asgi	missing	13274.47
real	1	1	A	h1	asgi	ok	18772.36
real	1	1	A	h2	asgi	ok	13739.08
real	1	2	A	h1	native	bad	20398.96
real	1	2	A	h2	native	bad	17570.77
real	1	2	A	h1	native	default	18375.63
real	1	2	A	h2	native	default	14192.95
real	1	2	A	h1	native	missing	22467.32
real	1	2	A	h2	native	missing	18421.33
real	1	2	A	h1	native	ok	23253.81
real	1	2	A	h2	native	ok	21087.88
real	1	2	A	h1	asgi	bad	16250.99
real	1	2	A	h2	asgi	bad	11984.86
real	1	2	A	h1	asgi	default	15135.21
real	1	2	A	h2	asgi	default	10826.27
real	1	2	A	h1	asgi	missing	17951.55
real	1	2	A	h2	asgi	missing	13274.54
real	1	2	A	h1	asgi	ok	18568.79
real	1	2	A	h2	asgi	ok	14021.02
real	1	3	B	h1	native	bad	20575.41
real	1	3	B	h2	native	bad	15798.21
real	1	3	B	h1	native	default	19092.68
real	1	3	B	h2	native	default	12788.61
real	1	3	B	h1	native	missing	22597.64
real	1	3	B	h2	native	missing	19153.02
real	1	3	B	h1	native	ok	23417.5
real	1	3	B	h2	native	ok	20369.59
real	1	3	B	h1	asgi	bad	16230.68
real	1	3	B	h2	asgi	bad	12184.16
real	1	3	B	h1	asgi	default	14699.61
real	1	3	B	h2	asgi	default	10611.57
real	1	3	B	h1	asgi	missing	17646.46
real	1	3	B	h2	asgi	missing	13188.23
real	1	3	B	h1	asgi	ok	18442.22
real	1	3	B	h2	asgi	ok	14642.4
real	2	0	A	h1	native	bad	20611.76
real	2	0	A	h2	native	bad	15721.96
real	2	0	A	h1	native	default	18100.83
real	2	0	A	h2	native	default	11795.82
real	2	0	A	h1	native	missing	22635.44
real	2	0	A	h2	native	missing	19272.76
real	2	0	A	h1	native	ok	23482.72
real	2	0	A	h2	native	ok	22202.29
real	2	0	A	h1	asgi	bad	16418.29
real	2	0	A	h2	asgi	bad	12234.66
real	2	0	A	h1	asgi	default	14802.25
real	2	0	A	h2	asgi	default	11094.64
real	2	0	A	h1	asgi	missing	17876.9
real	2	0	A	h2	asgi	missing	13686.86
real	2	0	A	h1	asgi	ok	18344.25
real	2	0	A	h2	asgi	ok	14079.03
real	2	1	B	h1	native	bad	20069.92
real	2	1	B	h2	native	bad	15956.14
real	2	1	B	h1	native	default	18344.05
real	2	1	B	h2	native	default	13540.14
real	2	1	B	h1	native	missing	22711.99
real	2	1	B	h2	native	missing	19086.81
real	2	1	B	h1	native	ok	23689.22
real	2	1	B	h2	native	ok	19672.57
real	2	1	B	h1	asgi	bad	16507.45
real	2	1	B	h2	asgi	bad	11778.24
real	2	1	B	h1	asgi	default	15235.61
real	2	1	B	h2	asgi	default	11617.24
real	2	1	B	h1	asgi	missing	17903.47
real	2	1	B	h2	asgi	missing	14291.7
real	2	1	B	h1	asgi	ok	18632.07
real	2	1	B	h2	asgi	ok	14582.08
real	2	2	B	h1	native	bad	20248.45
real	2	2	B	h2	native	bad	16233.19
real	2	2	B	h1	native	default	18635.96
real	2	2	B	h2	native	default	13407.58
real	2	2	B	h1	native	missing	22805.38
real	2	2	B	h2	native	missing	19554.32
real	2	2	B	h1	native	ok	23823.53
real	2	2	B	h2	native	ok	20592.36
real	2	2	B	h1	asgi	bad	16353.42
real	2	2	B	h2	asgi	bad	11948.84
real	2	2	B	h1	asgi	default	14445.88
real	2	2	B	h2	asgi	default	10977.89
real	2	2	B	h1	asgi	missing	17819.18
real	2	2	B	h2	asgi	missing	13194.41
real	2	2	B	h1	asgi	ok	18552.08
real	2	2	B	h2	asgi	ok	13938.47
real	2	3	A	h1	native	bad	20306.18
real	2	3	A	h2	native	bad	14872.43
real	2	3	A	h1	native	default	18197.47
real	2	3	A	h2	native	default	12863.56
real	2	3	A	h1	native	missing	23053.69
real	2	3	A	h2	native	missing	18538.46
real	2	3	A	h1	native	ok	23802.89
real	2	3	A	h2	native	ok	20834.11
real	2	3	A	h1	asgi	bad	16069.96
real	2	3	A	h2	asgi	bad	12439.06
real	2	3	A	h1	asgi	default	14663.44
real	2	3	A	h2	asgi	default	11214.85
real	2	3	A	h1	asgi	missing	18072.5
real	2	3	A	h2	asgi	missing	13199.84
real	2	3	A	h1	asgi	ok	18704.59
real	2	3	A	h2	asgi	ok	13965.15
